Abbrev.Name,sample_lower_than_detection_limit_flag,count,Min,p25,median,mean,p75,Max,propabovemin,criteria_acute,criteria_chronic,drinking_water,TADA.CensoredData.Flag,count_uncensored,exceedance_acute,exceedance_acute_perc,exceedance_chronic,exceedance_chronic_perc
PFOA,Non-Detect,2163,0.0916,5.2,887,1106.302790753583,2400,5380,0.7309292649098474,3100000,100000,4,NA,NA,NA,NA,NA,NA
PFOA,Uncensored,1685,0.2,2.7,6,2375.3697424336506,14,264000,0.12997032640949555,3100000,100000,4,Uncensored,1812,0,0,9,0.49668874172185434
PFOA,Unknown,127,0.1,1.3,1.8,2.030787401574803,2.5,6.8,0,3100000,100000,4,NA,NA,NA,NA,NA,NA
PFOS,Non-Detect,1106,0.121,2,3.9,842.1788110307415,1020,34358,0.2820976491862568,71000,250,4,NA,NA,NA,NA,NA,NA
PFOS,Uncensored,2827,0.2,5.09999999999999,588,28890.886265972913,17400,1860000,0.5341351255748142,71000,250,4,Uncensored,2954,311,10.52809749492214,1502,50.846310088016246
PFOS,Unknown,127,0.1,1.35,1.6,2.1014960629921258,2.05,12,0,71000,250,4,NA,NA,NA,NA,NA,NA
