Abbrev.Name,sample_lower_than_detection_limit_flag,count,Min,p25,median,mean,p75,Max,propabovemin,criteria_acute,criteria_chronic,drinking_water,TADA.CensoredData.Flag,count_uncensored,exceedance_acute,exceedance_acute_perc,exceedance_chronic,exceedance_chronic_perc
PFOA,Non-Detect,1542,0.0916,3.7,388,646.2389399481193,935,3850,0.6245136186770428,3100000,100000,4,NA,NA,NA,NA,NA,NA
PFOA,Uncensored,1689,0.169,1.9,4.3,1046.6233404385441,10,248000,0.06986382474837181,3100000,100000,4,Uncensored,2096,0,0,9,0.42938931297709926
PFOA,Unknown,123,0.1,1.3,1.8,2.053739837398374,2.5,6.8,0,3100000,100000,4,NA,NA,NA,NA,NA,NA
PFOS,Non-Detect,1047,0.121,0.767,3.4,426.18802196752625,14.3,34358,0.1977077363896848,71000,250,4,NA,NA,NA,NA,NA,NA
PFOS,Uncensored,2703,0.2,4.4,548,29690.59277354992,18950,1860000,0.5231224565297817,71000,250,4,Uncensored,3097,312,10.074265418146593,1515,48.91830804003875
PFOS,Unknown,125,0.1,1.3,1.6,2.0943199999999997,2,12,0,71000,250,4,NA,NA,NA,NA,NA,NA
